Date,Match_Time,Team_1,Team1_Score,Team_2,Team2_Score,Team1_Bage_url,Team2_badge_url,Time_stamp,,,,,,Goal_status
25/11/2022 (10:00 GMT),14',Wales,0,Iran,0,https://secure.cache.images.core.optasports.com/soccer/teams/30x30/uuid_eyhp0bgsz2deg91xaw4zotn5c.png,https://secure.cache.images.core.optasports.com/soccer/teams/30x30/uuid_cubclbw5k5gdqdau95bnav0nn.png,Fri Nov 25 2022 15:15:05 GMT+0500 (Pakistan Standard Time),,,,,,null
25/11/2022 (10:00 GMT),14',Wales,0,Iran,0,https://secure.cache.images.core.optasports.com/soccer/teams/30x30/uuid_eyhp0bgsz2deg91xaw4zotn5c.png,https://secure.cache.images.core.optasports.com/soccer/teams/30x30/uuid_cubclbw5k5gdqdau95bnav0nn.png,Fri Nov 25 2022 15:16:05 GMT+0500 (Pakistan Standard Time),,,,,,null
25/11/2022 (10:00 GMT),14',Wales,0,Iran,0,https://secure.cache.images.core.optasports.com/soccer/teams/30x30/uuid_eyhp0bgsz2deg91xaw4zotn5c.png,https://secure.cache.images.core.optasports.com/soccer/teams/30x30/uuid_cubclbw5k5gdqdau95bnav0nn.png,Fri Nov 25 2022 15:17:05 GMT+0500 (Pakistan Standard Time),,,,,,null
25/11/2022 (10:00 GMT),16',Wales,0,Iran,0,https://secure.cache.images.core.optasports.com/soccer/teams/30x30/uuid_eyhp0bgsz2deg91xaw4zotn5c.png,https://secure.cache.images.core.optasports.com/soccer/teams/30x30/uuid_cubclbw5k5gdqdau95bnav0nn.png,Fri Nov 25 2022 15:18:05 GMT+0500 (Pakistan Standard Time),,,,,,null
25/11/2022 (10:00 GMT),18',Wales,0,Iran,0,https://secure.cache.images.core.optasports.com/soccer/teams/30x30/uuid_eyhp0bgsz2deg91xaw4zotn5c.png,https://secure.cache.images.core.optasports.com/soccer/teams/30x30/uuid_cubclbw5k5gdqdau95bnav0nn.png,Fri Nov 25 2022 15:19:05 GMT+0500 (Pakistan Standard Time),,,,,,null
25/11/2022 (10:00 GMT),18',Wales,0,Iran,0,https://secure.cache.images.core.optasports.com/soccer/teams/30x30/uuid_eyhp0bgsz2deg91xaw4zotn5c.png,https://secure.cache.images.core.optasports.com/soccer/teams/30x30/uuid_cubclbw5k5gdqdau95bnav0nn.png,Fri Nov 25 2022 15:20:05 GMT+0500 (Pakistan Standard Time),,,,,,null
25/11/2022 (10:00 GMT),20',Wales,0,Iran,0,https://secure.cache.images.core.optasports.com/soccer/teams/30x30/uuid_eyhp0bgsz2deg91xaw4zotn5c.png,https://secure.cache.images.core.optasports.com/soccer/teams/30x30/uuid_cubclbw5k5gdqdau95bnav0nn.png,Fri Nov 25 2022 15:21:06 GMT+0500 (Pakistan Standard Time),,,,,,null
25/11/2022 (10:00 GMT),20',Wales,0,Iran,0,https://secure.cache.images.core.optasports.com/soccer/teams/30x30/uuid_eyhp0bgsz2deg91xaw4zotn5c.png,https://secure.cache.images.core.optasports.com/soccer/teams/30x30/uuid_cubclbw5k5gdqdau95bnav0nn.png,Fri Nov 25 2022 15:22:07 GMT+0500 (Pakistan Standard Time),,,,,,null
25/11/2022 (10:00 GMT),22',Wales,0,Iran,0,https://secure.cache.images.core.optasports.com/soccer/teams/30x30/uuid_eyhp0bgsz2deg91xaw4zotn5c.png,https://secure.cache.images.core.optasports.com/soccer/teams/30x30/uuid_cubclbw5k5gdqdau95bnav0nn.png,Fri Nov 25 2022 15:23:05 GMT+0500 (Pakistan Standard Time),,,,,,null
25/11/2022 (10:00 GMT),22',Wales,0,Iran,0,https://secure.cache.images.core.optasports.com/soccer/teams/30x30/uuid_eyhp0bgsz2deg91xaw4zotn5c.png,https://secure.cache.images.core.optasports.com/soccer/teams/30x30/uuid_cubclbw5k5gdqdau95bnav0nn.png,Fri Nov 25 2022 15:24:06 GMT+0500 (Pakistan Standard Time),,,,,,null
25/11/2022 (10:00 GMT),24',Wales,0,Iran,0,https://secure.cache.images.core.optasports.com/soccer/teams/30x30/uuid_eyhp0bgsz2deg91xaw4zotn5c.png,https://secure.cache.images.core.optasports.com/soccer/teams/30x30/uuid_cubclbw5k5gdqdau95bnav0nn.png,Fri Nov 25 2022 15:25:05 GMT+0500 (Pakistan Standard Time),,,,,,null
25/11/2022 (10:00 GMT),24',Wales,0,Iran,0,https://secure.cache.images.core.optasports.com/soccer/teams/30x30/uuid_eyhp0bgsz2deg91xaw4zotn5c.png,https://secure.cache.images.core.optasports.com/soccer/teams/30x30/uuid_cubclbw5k5gdqdau95bnav0nn.png,Fri Nov 25 2022 15:26:05 GMT+0500 (Pakistan Standard Time),,,,,,null
25/11/2022 (10:00 GMT),26',Wales,0,Iran,0,https://secure.cache.images.core.optasports.com/soccer/teams/30x30/uuid_eyhp0bgsz2deg91xaw4zotn5c.png,https://secure.cache.images.core.optasports.com/soccer/teams/30x30/uuid_cubclbw5k5gdqdau95bnav0nn.png,Fri Nov 25 2022 15:27:05 GMT+0500 (Pakistan Standard Time),,,,,,null
25/11/2022 (10:00 GMT),26',Wales,0,Iran,0,https://secure.cache.images.core.optasports.com/soccer/teams/30x30/uuid_eyhp0bgsz2deg91xaw4zotn5c.png,https://secure.cache.images.core.optasports.com/soccer/teams/30x30/uuid_cubclbw5k5gdqdau95bnav0nn.png,Fri Nov 25 2022 15:28:05 GMT+0500 (Pakistan Standard Time),,,,,,null
25/11/2022 (10:00 GMT),27',Wales,0,Iran,0,https://secure.cache.images.core.optasports.com/soccer/teams/30x30/uuid_eyhp0bgsz2deg91xaw4zotn5c.png,https://secure.cache.images.core.optasports.com/soccer/teams/30x30/uuid_cubclbw5k5gdqdau95bnav0nn.png,Fri Nov 25 2022 15:29:06 GMT+0500 (Pakistan Standard Time),,,,,,null
25/11/2022 (10:00 GMT),27',Wales,0,Iran,0,https://secure.cache.images.core.optasports.com/soccer/teams/30x30/uuid_eyhp0bgsz2deg91xaw4zotn5c.png,https://secure.cache.images.core.optasports.com/soccer/teams/30x30/uuid_cubclbw5k5gdqdau95bnav0nn.png,Fri Nov 25 2022 15:30:05 GMT+0500 (Pakistan Standard Time),,,,,,null
25/11/2022 (10:00 GMT),27',Wales,0,Iran,0,https://secure.cache.images.core.optasports.com/soccer/teams/30x30/uuid_eyhp0bgsz2deg91xaw4zotn5c.png,https://secure.cache.images.core.optasports.com/soccer/teams/30x30/uuid_cubclbw5k5gdqdau95bnav0nn.png,Fri Nov 25 2022 15:31:05 GMT+0500 (Pakistan Standard Time),,,,,,null
25/11/2022 (10:00 GMT),29',Wales,0,Iran,0,https://secure.cache.images.core.optasports.com/soccer/teams/30x30/uuid_eyhp0bgsz2deg91xaw4zotn5c.png,https://secure.cache.images.core.optasports.com/soccer/teams/30x30/uuid_cubclbw5k5gdqdau95bnav0nn.png,Fri Nov 25 2022 15:32:05 GMT+0500 (Pakistan Standard Time),,,,,,null
25/11/2022 (10:00 GMT),31',Wales,0,Iran,0,https://secure.cache.images.core.optasports.com/soccer/teams/30x30/uuid_eyhp0bgsz2deg91xaw4zotn5c.png,https://secure.cache.images.core.optasports.com/soccer/teams/30x30/uuid_cubclbw5k5gdqdau95bnav0nn.png,Fri Nov 25 2022 15:33:05 GMT+0500 (Pakistan Standard Time),,,,,,null
25/11/2022 (10:00 GMT),31',Wales,0,Iran,0,https://secure.cache.images.core.optasports.com/soccer/teams/30x30/uuid_eyhp0bgsz2deg91xaw4zotn5c.png,https://secure.cache.images.core.optasports.com/soccer/teams/30x30/uuid_cubclbw5k5gdqdau95bnav0nn.png,Fri Nov 25 2022 15:34:05 GMT+0500 (Pakistan Standard Time),,,,,,null
25/11/2022 (10:00 GMT),31',Wales,0,Iran,0,https://secure.cache.images.core.optasports.com/soccer/teams/30x30/uuid_eyhp0bgsz2deg91xaw4zotn5c.png,https://secure.cache.images.core.optasports.com/soccer/teams/30x30/uuid_cubclbw5k5gdqdau95bnav0nn.png,Fri Nov 25 2022 15:35:05 GMT+0500 (Pakistan Standard Time),,,,,,null
25/11/2022 (10:00 GMT),33',Wales,0,Iran,0,https://secure.cache.images.core.optasports.com/soccer/teams/30x30/uuid_eyhp0bgsz2deg91xaw4zotn5c.png,https://secure.cache.images.core.optasports.com/soccer/teams/30x30/uuid_cubclbw5k5gdqdau95bnav0nn.png,Fri Nov 25 2022 15:36:05 GMT+0500 (Pakistan Standard Time),,,,,,null
25/11/2022 (10:00 GMT),36',Wales,0,Iran,0,https://secure.cache.images.core.optasports.com/soccer/teams/30x30/uuid_eyhp0bgsz2deg91xaw4zotn5c.png,https://secure.cache.images.core.optasports.com/soccer/teams/30x30/uuid_cubclbw5k5gdqdau95bnav0nn.png,Fri Nov 25 2022 15:37:06 GMT+0500 (Pakistan Standard Time),,,,,,null
25/11/2022 (10:00 GMT),36',Wales,0,Iran,0,https://secure.cache.images.core.optasports.com/soccer/teams/30x30/uuid_eyhp0bgsz2deg91xaw4zotn5c.png,https://secure.cache.images.core.optasports.com/soccer/teams/30x30/uuid_cubclbw5k5gdqdau95bnav0nn.png,Fri Nov 25 2022 15:38:05 GMT+0500 (Pakistan Standard Time),,,,,,null
25/11/2022 (10:00 GMT),38',Wales,0,Iran,0,https://secure.cache.images.core.optasports.com/soccer/teams/30x30/uuid_eyhp0bgsz2deg91xaw4zotn5c.png,https://secure.cache.images.core.optasports.com/soccer/teams/30x30/uuid_cubclbw5k5gdqdau95bnav0nn.png,Fri Nov 25 2022 15:39:05 GMT+0500 (Pakistan Standard Time),,,,,,null
25/11/2022 (10:00 GMT),38',Wales,0,Iran,0,https://secure.cache.images.core.optasports.com/soccer/teams/30x30/uuid_eyhp0bgsz2deg91xaw4zotn5c.png,https://secure.cache.images.core.optasports.com/soccer/teams/30x30/uuid_cubclbw5k5gdqdau95bnav0nn.png,Fri Nov 25 2022 15:40:05 GMT+0500 (Pakistan Standard Time),,,,,,null
25/11/2022 (10:00 GMT),40',Wales,0,Iran,0,https://secure.cache.images.core.optasports.com/soccer/teams/30x30/uuid_eyhp0bgsz2deg91xaw4zotn5c.png,https://secure.cache.images.core.optasports.com/soccer/teams/30x30/uuid_cubclbw5k5gdqdau95bnav0nn.png,Fri Nov 25 2022 15:41:06 GMT+0500 (Pakistan Standard Time),,,,,,null
25/11/2022 (10:00 GMT),40',Wales,0,Iran,0,https://secure.cache.images.core.optasports.com/soccer/teams/30x30/uuid_eyhp0bgsz2deg91xaw4zotn5c.png,https://secure.cache.images.core.optasports.com/soccer/teams/30x30/uuid_cubclbw5k5gdqdau95bnav0nn.png,Fri Nov 25 2022 15:42:05 GMT+0500 (Pakistan Standard Time),,,,,,null
25/11/2022 (10:00 GMT),42',Wales,0,Iran,0,https://secure.cache.images.core.optasports.com/soccer/teams/30x30/uuid_eyhp0bgsz2deg91xaw4zotn5c.png,https://secure.cache.images.core.optasports.com/soccer/teams/30x30/uuid_cubclbw5k5gdqdau95bnav0nn.png,Fri Nov 25 2022 15:43:06 GMT+0500 (Pakistan Standard Time),,,,,,null
25/11/2022 (10:00 GMT),42',Wales,0,Iran,0,https://secure.cache.images.core.optasports.com/soccer/teams/30x30/uuid_eyhp0bgsz2deg91xaw4zotn5c.png,https://secure.cache.images.core.optasports.com/soccer/teams/30x30/uuid_cubclbw5k5gdqdau95bnav0nn.png,Fri Nov 25 2022 15:44:05 GMT+0500 (Pakistan Standard Time),,,,,,null
25/11/2022 (10:00 GMT),44',Wales,0,Iran,0,https://secure.cache.images.core.optasports.com/soccer/teams/30x30/uuid_eyhp0bgsz2deg91xaw4zotn5c.png,https://secure.cache.images.core.optasports.com/soccer/teams/30x30/uuid_cubclbw5k5gdqdau95bnav0nn.png,Fri Nov 25 2022 15:45:06 GMT+0500 (Pakistan Standard Time),,,,,,null
25/11/2022 (10:00 GMT),45',Wales,0,Iran,0,https://secure.cache.images.core.optasports.com/soccer/teams/30x30/uuid_eyhp0bgsz2deg91xaw4zotn5c.png,https://secure.cache.images.core.optasports.com/soccer/teams/30x30/uuid_cubclbw5k5gdqdau95bnav0nn.png,Fri Nov 25 2022 15:46:06 GMT+0500 (Pakistan Standard Time),,,,,,null
25/11/2022 (10:00 GMT),45'+,Wales,0,Iran,0,https://secure.cache.images.core.optasports.com/soccer/teams/30x30/uuid_eyhp0bgsz2deg91xaw4zotn5c.png,https://secure.cache.images.core.optasports.com/soccer/teams/30x30/uuid_cubclbw5k5gdqdau95bnav0nn.png,Fri Nov 25 2022 15:47:06 GMT+0500 (Pakistan Standard Time),,,,,,null
25/11/2022 (10:00 GMT),45'+,Wales,0,Iran,0,https://secure.cache.images.core.optasports.com/soccer/teams/30x30/uuid_eyhp0bgsz2deg91xaw4zotn5c.png,https://secure.cache.images.core.optasports.com/soccer/teams/30x30/uuid_cubclbw5k5gdqdau95bnav0nn.png,Fri Nov 25 2022 15:48:05 GMT+0500 (Pakistan Standard Time),,,,,,null
25/11/2022 (10:00 GMT),45'+,Wales,0,Iran,0,https://secure.cache.images.core.optasports.com/soccer/teams/30x30/uuid_eyhp0bgsz2deg91xaw4zotn5c.png,https://secure.cache.images.core.optasports.com/soccer/teams/30x30/uuid_cubclbw5k5gdqdau95bnav0nn.png,Fri Nov 25 2022 15:49:06 GMT+0500 (Pakistan Standard Time),,,,,,null
25/11/2022 (10:00 GMT),45'+,Wales,0,Iran,0,https://secure.cache.images.core.optasports.com/soccer/teams/30x30/uuid_eyhp0bgsz2deg91xaw4zotn5c.png,https://secure.cache.images.core.optasports.com/soccer/teams/30x30/uuid_cubclbw5k5gdqdau95bnav0nn.png,Fri Nov 25 2022 15:50:05 GMT+0500 (Pakistan Standard Time),,,,,,null
25/11/2022 (10:00 GMT),45'+,Wales,0,Iran,0,https://secure.cache.images.core.optasports.com/soccer/teams/30x30/uuid_eyhp0bgsz2deg91xaw4zotn5c.png,https://secure.cache.images.core.optasports.com/soccer/teams/30x30/uuid_cubclbw5k5gdqdau95bnav0nn.png,Fri Nov 25 2022 15:51:05 GMT+0500 (Pakistan Standard Time),,,,,,null
25/11/2022 (10:00 GMT),HT,Wales,0,Iran,0,https://secure.cache.images.core.optasports.com/soccer/teams/30x30/uuid_eyhp0bgsz2deg91xaw4zotn5c.png,https://secure.cache.images.core.optasports.com/soccer/teams/30x30/uuid_cubclbw5k5gdqdau95bnav0nn.png,Fri Nov 25 2022 15:52:06 GMT+0500 (Pakistan Standard Time),,,,,,null
25/11/2022 (10:00 GMT),HT,Wales,0,Iran,0,https://secure.cache.images.core.optasports.com/soccer/teams/30x30/uuid_eyhp0bgsz2deg91xaw4zotn5c.png,https://secure.cache.images.core.optasports.com/soccer/teams/30x30/uuid_cubclbw5k5gdqdau95bnav0nn.png,Fri Nov 25 2022 15:53:06 GMT+0500 (Pakistan Standard Time),,,,,,null
25/11/2022 (10:00 GMT),HT,Wales,0,Iran,0,https://secure.cache.images.core.optasports.com/soccer/teams/30x30/uuid_eyhp0bgsz2deg91xaw4zotn5c.png,https://secure.cache.images.core.optasports.com/soccer/teams/30x30/uuid_cubclbw5k5gdqdau95bnav0nn.png,Fri Nov 25 2022 15:54:05 GMT+0500 (Pakistan Standard Time),,,,,,null
25/11/2022 (10:00 GMT),HT,Wales,0,Iran,0,https://secure.cache.images.core.optasports.com/soccer/teams/30x30/uuid_eyhp0bgsz2deg91xaw4zotn5c.png,https://secure.cache.images.core.optasports.com/soccer/teams/30x30/uuid_cubclbw5k5gdqdau95bnav0nn.png,Fri Nov 25 2022 15:55:06 GMT+0500 (Pakistan Standard Time),,,,,,null
25/11/2022 (10:00 GMT),HT,Wales,0,Iran,0,https://secure.cache.images.core.optasports.com/soccer/teams/30x30/uuid_eyhp0bgsz2deg91xaw4zotn5c.png,https://secure.cache.images.core.optasports.com/soccer/teams/30x30/uuid_cubclbw5k5gdqdau95bnav0nn.png,Fri Nov 25 2022 15:56:05 GMT+0500 (Pakistan Standard Time),,,,,,null
25/11/2022 (10:00 GMT),HT,Wales,0,Iran,0,https://secure.cache.images.core.optasports.com/soccer/teams/30x30/uuid_eyhp0bgsz2deg91xaw4zotn5c.png,https://secure.cache.images.core.optasports.com/soccer/teams/30x30/uuid_cubclbw5k5gdqdau95bnav0nn.png,Fri Nov 25 2022 15:57:07 GMT+0500 (Pakistan Standard Time),,,,,,null
25/11/2022 (10:00 GMT),HT,Wales,0,Iran,0,https://secure.cache.images.core.optasports.com/soccer/teams/30x30/uuid_eyhp0bgsz2deg91xaw4zotn5c.png,https://secure.cache.images.core.optasports.com/soccer/teams/30x30/uuid_cubclbw5k5gdqdau95bnav0nn.png,Fri Nov 25 2022 15:58:05 GMT+0500 (Pakistan Standard Time),,,,,,null
25/11/2022 (10:00 GMT),HT,Wales,0,Iran,0,https://secure.cache.images.core.optasports.com/soccer/teams/30x30/uuid_eyhp0bgsz2deg91xaw4zotn5c.png,https://secure.cache.images.core.optasports.com/soccer/teams/30x30/uuid_cubclbw5k5gdqdau95bnav0nn.png,Fri Nov 25 2022 15:59:05 GMT+0500 (Pakistan Standard Time),,,,,,null
25/11/2022 (10:00 GMT),HT,Wales,0,Iran,0,https://secure.cache.images.core.optasports.com/soccer/teams/30x30/uuid_eyhp0bgsz2deg91xaw4zotn5c.png,https://secure.cache.images.core.optasports.com/soccer/teams/30x30/uuid_cubclbw5k5gdqdau95bnav0nn.png,Fri Nov 25 2022 16:00:05 GMT+0500 (Pakistan Standard Time),,,,,,null
25/11/2022 (10:00 GMT),HT,Wales,0,Iran,0,https://secure.cache.images.core.optasports.com/soccer/teams/30x30/uuid_eyhp0bgsz2deg91xaw4zotn5c.png,https://secure.cache.images.core.optasports.com/soccer/teams/30x30/uuid_cubclbw5k5gdqdau95bnav0nn.png,Fri Nov 25 2022 16:01:06 GMT+0500 (Pakistan Standard Time),,,,,,null
25/11/2022 (10:00 GMT),HT,Wales,0,Iran,0,https://secure.cache.images.core.optasports.com/soccer/teams/30x30/uuid_eyhp0bgsz2deg91xaw4zotn5c.png,https://secure.cache.images.core.optasports.com/soccer/teams/30x30/uuid_cubclbw5k5gdqdau95bnav0nn.png,Fri Nov 25 2022 16:02:05 GMT+0500 (Pakistan Standard Time),,,,,,null
25/11/2022 (10:00 GMT),HT,Wales,0,Iran,0,https://secure.cache.images.core.optasports.com/soccer/teams/30x30/uuid_eyhp0bgsz2deg91xaw4zotn5c.png,https://secure.cache.images.core.optasports.com/soccer/teams/30x30/uuid_cubclbw5k5gdqdau95bnav0nn.png,Fri Nov 25 2022 16:03:06 GMT+0500 (Pakistan Standard Time),,,,,,null
25/11/2022 (10:00 GMT),HT,Wales,0,Iran,0,https://secure.cache.images.core.optasports.com/soccer/teams/30x30/uuid_eyhp0bgsz2deg91xaw4zotn5c.png,https://secure.cache.images.core.optasports.com/soccer/teams/30x30/uuid_cubclbw5k5gdqdau95bnav0nn.png,Fri Nov 25 2022 16:04:05 GMT+0500 (Pakistan Standard Time),,,,,,null
25/11/2022 (10:00 GMT),HT,Wales,0,Iran,0,https://secure.cache.images.core.optasports.com/soccer/teams/30x30/uuid_eyhp0bgsz2deg91xaw4zotn5c.png,https://secure.cache.images.core.optasports.com/soccer/teams/30x30/uuid_cubclbw5k5gdqdau95bnav0nn.png,Fri Nov 25 2022 16:05:05 GMT+0500 (Pakistan Standard Time),,,,,,null
25/11/2022 (10:00 GMT),HT,Wales,0,Iran,0,https://secure.cache.images.core.optasports.com/soccer/teams/30x30/uuid_eyhp0bgsz2deg91xaw4zotn5c.png,https://secure.cache.images.core.optasports.com/soccer/teams/30x30/uuid_cubclbw5k5gdqdau95bnav0nn.png,Fri Nov 25 2022 16:06:06 GMT+0500 (Pakistan Standard Time),,,,,,null
25/11/2022 (10:00 GMT),HT,Wales,0,Iran,0,https://secure.cache.images.core.optasports.com/soccer/teams/30x30/uuid_eyhp0bgsz2deg91xaw4zotn5c.png,https://secure.cache.images.core.optasports.com/soccer/teams/30x30/uuid_cubclbw5k5gdqdau95bnav0nn.png,Fri Nov 25 2022 16:07:05 GMT+0500 (Pakistan Standard Time),,,,,,null
25/11/2022 (10:00 GMT),47',Wales,0,Iran,0,https://secure.cache.images.core.optasports.com/soccer/teams/30x30/uuid_eyhp0bgsz2deg91xaw4zotn5c.png,https://secure.cache.images.core.optasports.com/soccer/teams/30x30/uuid_cubclbw5k5gdqdau95bnav0nn.png,Fri Nov 25 2022 16:08:06 GMT+0500 (Pakistan Standard Time),,,,,,null
25/11/2022 (10:00 GMT),47',Wales,0,Iran,0,https://secure.cache.images.core.optasports.com/soccer/teams/30x30/uuid_eyhp0bgsz2deg91xaw4zotn5c.png,https://secure.cache.images.core.optasports.com/soccer/teams/30x30/uuid_cubclbw5k5gdqdau95bnav0nn.png,Fri Nov 25 2022 16:09:06 GMT+0500 (Pakistan Standard Time),,,,,,null
25/11/2022 (10:00 GMT),49',Wales,0,Iran,0,https://secure.cache.images.core.optasports.com/soccer/teams/30x30/uuid_eyhp0bgsz2deg91xaw4zotn5c.png,https://secure.cache.images.core.optasports.com/soccer/teams/30x30/uuid_cubclbw5k5gdqdau95bnav0nn.png,Fri Nov 25 2022 16:10:06 GMT+0500 (Pakistan Standard Time),,,,,,null
25/11/2022 (10:00 GMT),49',Wales,0,Iran,0,https://secure.cache.images.core.optasports.com/soccer/teams/30x30/uuid_eyhp0bgsz2deg91xaw4zotn5c.png,https://secure.cache.images.core.optasports.com/soccer/teams/30x30/uuid_cubclbw5k5gdqdau95bnav0nn.png,Fri Nov 25 2022 16:11:06 GMT+0500 (Pakistan Standard Time),,,,,,null
25/11/2022 (10:00 GMT),49',Wales,0,Iran,0,https://secure.cache.images.core.optasports.com/soccer/teams/30x30/uuid_eyhp0bgsz2deg91xaw4zotn5c.png,https://secure.cache.images.core.optasports.com/soccer/teams/30x30/uuid_cubclbw5k5gdqdau95bnav0nn.png,Fri Nov 25 2022 16:12:06 GMT+0500 (Pakistan Standard Time),,,,,,null
25/11/2022 (10:00 GMT),52',Wales,0,Iran,0,https://secure.cache.images.core.optasports.com/soccer/teams/30x30/uuid_eyhp0bgsz2deg91xaw4zotn5c.png,https://secure.cache.images.core.optasports.com/soccer/teams/30x30/uuid_cubclbw5k5gdqdau95bnav0nn.png,Fri Nov 25 2022 16:13:06 GMT+0500 (Pakistan Standard Time),,,,,,null
25/11/2022 (10:00 GMT),55',Wales,0,Iran,0,https://secure.cache.images.core.optasports.com/soccer/teams/30x30/uuid_eyhp0bgsz2deg91xaw4zotn5c.png,https://secure.cache.images.core.optasports.com/soccer/teams/30x30/uuid_cubclbw5k5gdqdau95bnav0nn.png,Fri Nov 25 2022 16:16:06 GMT+0500 (Pakistan Standard Time),,,,,,null
25/11/2022 (10:00 GMT),55',Wales,0,Iran,0,https://secure.cache.images.core.optasports.com/soccer/teams/30x30/uuid_eyhp0bgsz2deg91xaw4zotn5c.png,https://secure.cache.images.core.optasports.com/soccer/teams/30x30/uuid_cubclbw5k5gdqdau95bnav0nn.png,Fri Nov 25 2022 16:17:06 GMT+0500 (Pakistan Standard Time),,,,,,null
25/11/2022 (10:00 GMT),56',Wales,0,Iran,0,https://secure.cache.images.core.optasports.com/soccer/teams/30x30/uuid_eyhp0bgsz2deg91xaw4zotn5c.png,https://secure.cache.images.core.optasports.com/soccer/teams/30x30/uuid_cubclbw5k5gdqdau95bnav0nn.png,Fri Nov 25 2022 16:18:05 GMT+0500 (Pakistan Standard Time),,,,,,null
25/11/2022 (10:00 GMT),56',Wales,0,Iran,0,https://secure.cache.images.core.optasports.com/soccer/teams/30x30/uuid_eyhp0bgsz2deg91xaw4zotn5c.png,https://secure.cache.images.core.optasports.com/soccer/teams/30x30/uuid_cubclbw5k5gdqdau95bnav0nn.png,Fri Nov 25 2022 16:19:06 GMT+0500 (Pakistan Standard Time),,,,,,null
25/11/2022 (10:00 GMT),58',Wales,0,Iran,0,https://secure.cache.images.core.optasports.com/soccer/teams/30x30/uuid_eyhp0bgsz2deg91xaw4zotn5c.png,https://secure.cache.images.core.optasports.com/soccer/teams/30x30/uuid_cubclbw5k5gdqdau95bnav0nn.png,Fri Nov 25 2022 16:20:06 GMT+0500 (Pakistan Standard Time),,,,,,null
25/11/2022 (10:00 GMT),60',Wales,0,Iran,0,https://secure.cache.images.core.optasports.com/soccer/teams/30x30/uuid_eyhp0bgsz2deg91xaw4zotn5c.png,https://secure.cache.images.core.optasports.com/soccer/teams/30x30/uuid_cubclbw5k5gdqdau95bnav0nn.png,Fri Nov 25 2022 16:22:06 GMT+0500 (Pakistan Standard Time),,,,,,null
25/11/2022 (10:00 GMT),60',Wales,0,Iran,0,https://secure.cache.images.core.optasports.com/soccer/teams/30x30/uuid_eyhp0bgsz2deg91xaw4zotn5c.png,https://secure.cache.images.core.optasports.com/soccer/teams/30x30/uuid_cubclbw5k5gdqdau95bnav0nn.png,Fri Nov 25 2022 16:23:06 GMT+0500 (Pakistan Standard Time),,,,,,null
25/11/2022 (10:00 GMT),60',Wales,0,Iran,0,https://secure.cache.images.core.optasports.com/soccer/teams/30x30/uuid_eyhp0bgsz2deg91xaw4zotn5c.png,https://secure.cache.images.core.optasports.com/soccer/teams/30x30/uuid_cubclbw5k5gdqdau95bnav0nn.png,Fri Nov 25 2022 16:24:06 GMT+0500 (Pakistan Standard Time),,,,,,null
25/11/2022 (10:00 GMT),62',Wales,0,Iran,0,https://secure.cache.images.core.optasports.com/soccer/teams/30x30/uuid_eyhp0bgsz2deg91xaw4zotn5c.png,https://secure.cache.images.core.optasports.com/soccer/teams/30x30/uuid_cubclbw5k5gdqdau95bnav0nn.png,Fri Nov 25 2022 16:25:06 GMT+0500 (Pakistan Standard Time),,,,,,null
25/11/2022 (10:00 GMT),64',Wales,0,Iran,0,https://secure.cache.images.core.optasports.com/soccer/teams/30x30/uuid_eyhp0bgsz2deg91xaw4zotn5c.png,https://secure.cache.images.core.optasports.com/soccer/teams/30x30/uuid_cubclbw5k5gdqdau95bnav0nn.png,Fri Nov 25 2022 16:26:07 GMT+0500 (Pakistan Standard Time),,,,,,null
25/11/2022 (10:00 GMT),64',Wales,0,Iran,0,https://secure.cache.images.core.optasports.com/soccer/teams/30x30/uuid_eyhp0bgsz2deg91xaw4zotn5c.png,https://secure.cache.images.core.optasports.com/soccer/teams/30x30/uuid_cubclbw5k5gdqdau95bnav0nn.png,Fri Nov 25 2022 16:27:06 GMT+0500 (Pakistan Standard Time),,,,,,null
25/11/2022 (10:00 GMT),67',Wales,0,Iran,0,https://secure.cache.images.core.optasports.com/soccer/teams/30x30/uuid_eyhp0bgsz2deg91xaw4zotn5c.png,https://secure.cache.images.core.optasports.com/soccer/teams/30x30/uuid_cubclbw5k5gdqdau95bnav0nn.png,Fri Nov 25 2022 16:29:05 GMT+0500 (Pakistan Standard Time),,,,,,null
25/11/2022 (10:00 GMT),67',Wales,0,Iran,0,https://secure.cache.images.core.optasports.com/soccer/teams/30x30/uuid_eyhp0bgsz2deg91xaw4zotn5c.png,https://secure.cache.images.core.optasports.com/soccer/teams/30x30/uuid_cubclbw5k5gdqdau95bnav0nn.png,Fri Nov 25 2022 16:30:06 GMT+0500 (Pakistan Standard Time),,,,,,null
25/11/2022 (10:00 GMT),69',Wales,0,Iran,0,https://secure.cache.images.core.optasports.com/soccer/teams/30x30/uuid_eyhp0bgsz2deg91xaw4zotn5c.png,https://secure.cache.images.core.optasports.com/soccer/teams/30x30/uuid_cubclbw5k5gdqdau95bnav0nn.png,Fri Nov 25 2022 16:31:06 GMT+0500 (Pakistan Standard Time),,,,,,null
25/11/2022 (10:00 GMT),71',Wales,0,Iran,0,https://secure.cache.images.core.optasports.com/soccer/teams/30x30/uuid_eyhp0bgsz2deg91xaw4zotn5c.png,https://secure.cache.images.core.optasports.com/soccer/teams/30x30/uuid_cubclbw5k5gdqdau95bnav0nn.png,Fri Nov 25 2022 16:33:06 GMT+0500 (Pakistan Standard Time),,,,,,null
25/11/2022 (10:00 GMT),71',Wales,0,Iran,0,https://secure.cache.images.core.optasports.com/soccer/teams/30x30/uuid_eyhp0bgsz2deg91xaw4zotn5c.png,https://secure.cache.images.core.optasports.com/soccer/teams/30x30/uuid_cubclbw5k5gdqdau95bnav0nn.png,Fri Nov 25 2022 16:34:06 GMT+0500 (Pakistan Standard Time),,,,,,null
25/11/2022 (10:00 GMT),73',Wales,0,Iran,0,https://secure.cache.images.core.optasports.com/soccer/teams/30x30/uuid_eyhp0bgsz2deg91xaw4zotn5c.png,https://secure.cache.images.core.optasports.com/soccer/teams/30x30/uuid_cubclbw5k5gdqdau95bnav0nn.png,Fri Nov 25 2022 16:35:06 GMT+0500 (Pakistan Standard Time),,,,,,null
25/11/2022 (10:00 GMT),73',Wales,0,Iran,0,https://secure.cache.images.core.optasports.com/soccer/teams/30x30/uuid_eyhp0bgsz2deg91xaw4zotn5c.png,https://secure.cache.images.core.optasports.com/soccer/teams/30x30/uuid_cubclbw5k5gdqdau95bnav0nn.png,Fri Nov 25 2022 16:36:06 GMT+0500 (Pakistan Standard Time),,,,,,null
25/11/2022 (10:00 GMT),73',Wales,0,Iran,0,https://secure.cache.images.core.optasports.com/soccer/teams/30x30/uuid_eyhp0bgsz2deg91xaw4zotn5c.png,https://secure.cache.images.core.optasports.com/soccer/teams/30x30/uuid_cubclbw5k5gdqdau95bnav0nn.png,Fri Nov 25 2022 16:37:06 GMT+0500 (Pakistan Standard Time),,,,,,null
25/11/2022 (10:00 GMT),76',Wales,0,Iran,0,https://secure.cache.images.core.optasports.com/soccer/teams/30x30/uuid_eyhp0bgsz2deg91xaw4zotn5c.png,https://secure.cache.images.core.optasports.com/soccer/teams/30x30/uuid_cubclbw5k5gdqdau95bnav0nn.png,Fri Nov 25 2022 16:38:06 GMT+0500 (Pakistan Standard Time),,,,,,null
25/11/2022 (10:00 GMT),78',Wales,0,Iran,0,https://secure.cache.images.core.optasports.com/soccer/teams/30x30/uuid_eyhp0bgsz2deg91xaw4zotn5c.png,https://secure.cache.images.core.optasports.com/soccer/teams/30x30/uuid_cubclbw5k5gdqdau95bnav0nn.png,Fri Nov 25 2022 16:39:06 GMT+0500 (Pakistan Standard Time),,,,,,null
25/11/2022 (10:00 GMT),78',Wales,0,Iran,0,https://secure.cache.images.core.optasports.com/soccer/teams/30x30/uuid_eyhp0bgsz2deg91xaw4zotn5c.png,https://secure.cache.images.core.optasports.com/soccer/teams/30x30/uuid_cubclbw5k5gdqdau95bnav0nn.png,Fri Nov 25 2022 16:40:06 GMT+0500 (Pakistan Standard Time),,,,,,null
25/11/2022 (10:00 GMT),78',Wales,0,Iran,0,https://secure.cache.images.core.optasports.com/soccer/teams/30x30/uuid_eyhp0bgsz2deg91xaw4zotn5c.png,https://secure.cache.images.core.optasports.com/soccer/teams/30x30/uuid_cubclbw5k5gdqdau95bnav0nn.png,Fri Nov 25 2022 16:41:06 GMT+0500 (Pakistan Standard Time),,,,,,null
25/11/2022 (10:00 GMT),80',Wales,0,Iran,0,https://secure.cache.images.core.optasports.com/soccer/teams/30x30/uuid_eyhp0bgsz2deg91xaw4zotn5c.png,https://secure.cache.images.core.optasports.com/soccer/teams/30x30/uuid_cubclbw5k5gdqdau95bnav0nn.png,Fri Nov 25 2022 16:42:06 GMT+0500 (Pakistan Standard Time),,,,,,null
25/11/2022 (10:00 GMT),80',Wales,0,Iran,0,https://secure.cache.images.core.optasports.com/soccer/teams/30x30/uuid_eyhp0bgsz2deg91xaw4zotn5c.png,https://secure.cache.images.core.optasports.com/soccer/teams/30x30/uuid_cubclbw5k5gdqdau95bnav0nn.png,Fri Nov 25 2022 16:43:06 GMT+0500 (Pakistan Standard Time),,,,,,null
25/11/2022 (10:00 GMT),83',Wales,0,Iran,0,https://secure.cache.images.core.optasports.com/soccer/teams/30x30/uuid_eyhp0bgsz2deg91xaw4zotn5c.png,https://secure.cache.images.core.optasports.com/soccer/teams/30x30/uuid_cubclbw5k5gdqdau95bnav0nn.png,Fri Nov 25 2022 16:44:06 GMT+0500 (Pakistan Standard Time),,,,,,null
25/11/2022 (10:00 GMT),83',Wales,0,Iran,0,https://secure.cache.images.core.optasports.com/soccer/teams/30x30/uuid_eyhp0bgsz2deg91xaw4zotn5c.png,https://secure.cache.images.core.optasports.com/soccer/teams/30x30/uuid_cubclbw5k5gdqdau95bnav0nn.png,Fri Nov 25 2022 16:45:06 GMT+0500 (Pakistan Standard Time),,,,,,null
25/11/2022 (10:00 GMT),83',Wales,0,Iran,0,https://secure.cache.images.core.optasports.com/soccer/teams/30x30/uuid_eyhp0bgsz2deg91xaw4zotn5c.png,https://secure.cache.images.core.optasports.com/soccer/teams/30x30/uuid_cubclbw5k5gdqdau95bnav0nn.png,Fri Nov 25 2022 16:46:06 GMT+0500 (Pakistan Standard Time),,,,,,null
25/11/2022 (10:00 GMT),85',Wales,0,Iran,0,https://secure.cache.images.core.optasports.com/soccer/teams/30x30/uuid_eyhp0bgsz2deg91xaw4zotn5c.png,https://secure.cache.images.core.optasports.com/soccer/teams/30x30/uuid_cubclbw5k5gdqdau95bnav0nn.png,Fri Nov 25 2022 16:47:06 GMT+0500 (Pakistan Standard Time),,,,,,null
25/11/2022 (10:00 GMT),85',Wales,0,Iran,0,https://secure.cache.images.core.optasports.com/soccer/teams/30x30/uuid_eyhp0bgsz2deg91xaw4zotn5c.png,https://secure.cache.images.core.optasports.com/soccer/teams/30x30/uuid_cubclbw5k5gdqdau95bnav0nn.png,Fri Nov 25 2022 16:48:06 GMT+0500 (Pakistan Standard Time),,,,,,null
25/11/2022 (10:00 GMT),87',Wales,0,Iran,0,https://secure.cache.images.core.optasports.com/soccer/teams/30x30/uuid_eyhp0bgsz2deg91xaw4zotn5c.png,https://secure.cache.images.core.optasports.com/soccer/teams/30x30/uuid_cubclbw5k5gdqdau95bnav0nn.png,Fri Nov 25 2022 16:49:06 GMT+0500 (Pakistan Standard Time),,,,,,null
25/11/2022 (10:00 GMT),87',Wales,0,Iran,0,https://secure.cache.images.core.optasports.com/soccer/teams/30x30/uuid_eyhp0bgsz2deg91xaw4zotn5c.png,https://secure.cache.images.core.optasports.com/soccer/teams/30x30/uuid_cubclbw5k5gdqdau95bnav0nn.png,Fri Nov 25 2022 16:50:06 GMT+0500 (Pakistan Standard Time),,,,,,null
25/11/2022 (10:00 GMT),89',Wales,0,Iran,0,https://secure.cache.images.core.optasports.com/soccer/teams/30x30/uuid_eyhp0bgsz2deg91xaw4zotn5c.png,https://secure.cache.images.core.optasports.com/soccer/teams/30x30/uuid_cubclbw5k5gdqdau95bnav0nn.png,Fri Nov 25 2022 16:51:06 GMT+0500 (Pakistan Standard Time),,,,,,null
25/11/2022 (10:00 GMT),89',Wales,0,Iran,0,https://secure.cache.images.core.optasports.com/soccer/teams/30x30/uuid_eyhp0bgsz2deg91xaw4zotn5c.png,https://secure.cache.images.core.optasports.com/soccer/teams/30x30/uuid_cubclbw5k5gdqdau95bnav0nn.png,Fri Nov 25 2022 16:52:06 GMT+0500 (Pakistan Standard Time),,,,,,null
25/11/2022 (10:00 GMT),90'+,Wales,0,Iran,0,https://secure.cache.images.core.optasports.com/soccer/teams/30x30/uuid_eyhp0bgsz2deg91xaw4zotn5c.png,https://secure.cache.images.core.optasports.com/soccer/teams/30x30/uuid_cubclbw5k5gdqdau95bnav0nn.png,Fri Nov 25 2022 16:53:06 GMT+0500 (Pakistan Standard Time),,,,,,null
25/11/2022 (10:00 GMT),90'+,Wales,0,Iran,0,https://secure.cache.images.core.optasports.com/soccer/teams/30x30/uuid_eyhp0bgsz2deg91xaw4zotn5c.png,https://secure.cache.images.core.optasports.com/soccer/teams/30x30/uuid_cubclbw5k5gdqdau95bnav0nn.png,Fri Nov 25 2022 16:54:06 GMT+0500 (Pakistan Standard Time),,,,,,null
25/11/2022 (10:00 GMT),90'+,Wales,0,Iran,0,https://secure.cache.images.core.optasports.com/soccer/teams/30x30/uuid_eyhp0bgsz2deg91xaw4zotn5c.png,https://secure.cache.images.core.optasports.com/soccer/teams/30x30/uuid_cubclbw5k5gdqdau95bnav0nn.png,Fri Nov 25 2022 16:55:06 GMT+0500 (Pakistan Standard Time),,,,,,null
25/11/2022 (10:00 GMT),90'+,Wales,0,Iran,0,https://secure.cache.images.core.optasports.com/soccer/teams/30x30/uuid_eyhp0bgsz2deg91xaw4zotn5c.png,https://secure.cache.images.core.optasports.com/soccer/teams/30x30/uuid_cubclbw5k5gdqdau95bnav0nn.png,Fri Nov 25 2022 16:56:06 GMT+0500 (Pakistan Standard Time),,,,,,null
25/11/2022 (10:00 GMT),90'+,Wales,0,Iran,0,https://secure.cache.images.core.optasports.com/soccer/teams/30x30/uuid_eyhp0bgsz2deg91xaw4zotn5c.png,https://secure.cache.images.core.optasports.com/soccer/teams/30x30/uuid_cubclbw5k5gdqdau95bnav0nn.png,Fri Nov 25 2022 16:57:06 GMT+0500 (Pakistan Standard Time),,,,,,null
25/11/2022 (10:00 GMT),90'+,Wales,0,Iran,0,https://secure.cache.images.core.optasports.com/soccer/teams/30x30/uuid_eyhp0bgsz2deg91xaw4zotn5c.png,https://secure.cache.images.core.optasports.com/soccer/teams/30x30/uuid_cubclbw5k5gdqdau95bnav0nn.png,Fri Nov 25 2022 16:58:06 GMT+0500 (Pakistan Standard Time),,,,,,null
25/11/2022 (10:00 GMT),90'+,Wales,0,Iran,0,https://secure.cache.images.core.optasports.com/soccer/teams/30x30/uuid_eyhp0bgsz2deg91xaw4zotn5c.png,https://secure.cache.images.core.optasports.com/soccer/teams/30x30/uuid_cubclbw5k5gdqdau95bnav0nn.png,Fri Nov 25 2022 16:59:06 GMT+0500 (Pakistan Standard Time),,,,,,null
25/11/2022 (10:00 GMT),90'+,Wales,0,Iran,0,https://secure.cache.images.core.optasports.com/soccer/teams/30x30/uuid_eyhp0bgsz2deg91xaw4zotn5c.png,https://secure.cache.images.core.optasports.com/soccer/teams/30x30/uuid_cubclbw5k5gdqdau95bnav0nn.png,Fri Nov 25 2022 17:00:06 GMT+0500 (Pakistan Standard Time),,,,,,null
25/11/2022 (10:00 GMT),90'+,Wales,0,Iran,1,https://secure.cache.images.core.optasports.com/soccer/teams/30x30/uuid_eyhp0bgsz2deg91xaw4zotn5c.png,https://secure.cache.images.core.optasports.com/soccer/teams/30x30/uuid_cubclbw5k5gdqdau95bnav0nn.png,Fri Nov 25 2022 17:01:06 GMT+0500 (Pakistan Standard Time),,,,,,null
25/11/2022 (10:00 GMT),90'+,Wales,0,Iran,1,https://secure.cache.images.core.optasports.com/soccer/teams/30x30/uuid_eyhp0bgsz2deg91xaw4zotn5c.png,https://secure.cache.images.core.optasports.com/soccer/teams/30x30/uuid_cubclbw5k5gdqdau95bnav0nn.png,Fri Nov 25 2022 17:02:06 GMT+0500 (Pakistan Standard Time),,,,,,null
25/11/2022 (10:00 GMT),90'+,Wales,0,Iran,2,https://secure.cache.images.core.optasports.com/soccer/teams/30x30/uuid_eyhp0bgsz2deg91xaw4zotn5c.png,https://secure.cache.images.core.optasports.com/soccer/teams/30x30/uuid_cubclbw5k5gdqdau95bnav0nn.png,Fri Nov 25 2022 17:03:06 GMT+0500 (Pakistan Standard Time),,,,,,"IRN,goal_scorer: 'R. Cheshmi (90+8)', goal_time: '90+8' "
25/11/2022 (10:00 GMT),90'+,Wales,0,Iran,2,https://secure.cache.images.core.optasports.com/soccer/teams/30x30/uuid_eyhp0bgsz2deg91xaw4zotn5c.png,https://secure.cache.images.core.optasports.com/soccer/teams/30x30/uuid_cubclbw5k5gdqdau95bnav0nn.png,Fri Nov 25 2022 17:04:06 GMT+0500 (Pakistan Standard Time),,,,,,"IRN,goal_scorer: 'R. Rezaeian (90+11)', goal_time: '90+11'"
